{
"title":"Cyaegha.mp3",
"bpm":100,
"offset":1.4,
"notes":{
    "beat0":{
        "0":{"track0":1}
    },
    "beat1":{
        "0":{"track2":1},
        "1/2":{"track1":1}
    },
    "beat2":{
        "0":{"track3":1}
    },
    "beat3":{
        "0":{"track1":1},
        "1/2":{"track2":1}
    },

    "beat4":{
        "0":{"track0":1},
        "1/2":{"track1":1}
    },
    "beat5":{
        "0":{"track2":1},
        "1/2":{"track3":1}
    },
    "beat6":{
        "0":{"track1":1},
        "1/2":{"track2":1}
    },
    "beat7":{
        "0":{"track0":1},
        "1/2":{"track3":1}
    },

    "beat8":{
        "0":{
            "track1":1,
            "track2":1
        }
    },
    "beat9":{
        "0":{"track2":1},
        "1/2":{"track1":1}
    },
    "beat10":{
        "0":{"track3":1}
    },
    "beat11":{
        "0":{"track1":1},
        "1/2":{"track2":1}
    },

    "beat12":{
        "0":{"track0":1},
        "1/2":{"track1":1}
    },
    "beat13":{
        "0":{"track2":1},
        "1/2":{"track3":1}
    },
    "beat14":{
        "0":{"track1":1},
        "1/2":{"track2":1},
        "3/4":{"track0":1}
    },
    "beat15":{
        "0":{"track3":1},
        "1/4":{"track3":1},
        "1/2":{"track1":1}
    },

    "beat16":{
        "0":{"track0":1},
        "1/2":{"track2":1},
        "3/4":{"track2":1}
    },
    "beat17":{
        "0":{"track1":1},
        "1/4":{"track2":1},
        "1/2":{"track0":1},
        "3/4":{"track2":1},
        "7/8":{"track1":1}
    },
    "beat18":{
        "0":{"track3":1},
        "1/2":{"track1":1},
        "3/4":{"track1":1}
    },
    "beat19":{
        "0":{"track2":1},
        "1/4":{"track1":1},
        "1/2":{"track3":1},
        "3/4":{"track1":1},
        "7/8":{"track2":1}
    },

    "beat20":{
        "0":{"track0":1},
        "1/2":{"track2":1},
        "3/4":{"track2":1}
    },
    "beat21":{
        "0":{"track1":1},
        "1/4":{"track2":1},
        "1/2":{"track0":1},
        "3/4":{"track2":1},
        "7/8":{"track1":1}
    },
    "beat22":{
        "0":{
            "track2":1,
            "track3":1
        }
    },
    "beat23":{
        "0":{
            "track1":1,
            "track2":1
        },
        "1/2":{
            "track0":1,
            "track3":1
        }
    },


    "beat24":{
        "0":{"track0":1},
        "1/4":{"track2":1},
        "1/2":{"track0":1},
        "3/4":{"track2":1}
    },
    "beat25":{
        "0":{"track0":1},
        "1/4":{"track3":1},
        "1/2":{"track0":1},
        "3/4":{"track3":1}
    },
    "beat26":{
        "0":{"track1":1},
        "1/4":{"track2":1},
        "1/2":{"track1":1},
        "3/4":{"track2":1}
    },
    "beat27":{
        "0":{"track1":1},
        "1/4":{"track3":1},
        "1/2":{"track1":1},
        "3/4":{"track3":1}
    },


    "beat28":{
        "0":{
            "track1":1,
            "track2":1
        },
        "1/4":{
            "track1":1,
            "track2":1
        },
        "1/2":{
            "track0":1,
            "track3":1
        },
        "3/4":{
            "track0":1,
            "track3":1
        }
    },
    "beat29":{
        "0":{"track1":1},
        "1/8":{"track2":1},
        "1/4":{"track0":1},
        "3/8":{"track3":1},
        "1/2":{"track1":1},
        "5/8":{"track2":1},
        "3/4":{"track0":1},
        "7/8":{"track3":1}
    },
    "beat30":{
        "0":{
            "track1":1,
            "track2":1
        },
        "1/2":{"track1":1},
        "3/4":{"track2":1}
    },
    "beat31":{
        "0":{
            "track0":1,
            "track3":1
        }
    }



}
}